Project	VercelProject	DeploymentID	CreatedAt	ProductionURL
liquidGL	glasslab-liquidgl	unknown	unknown	https://glasslab-liquidgl-379f2robh-lekandigitals-projects.vercel.app
glasslab-codepen-hdshy	glasslab-codepen-hdshy	unknown	unknown	https://glasslab-codepen-hdshy-a5isqfucj-lekandigitals-projects.vercel.app
glasslab-codepen-hdshy	glasslab-codepen-hdshy	unknown	unknown	blocked-vercel-limit
glassmorphism-template	glasslab-glassmorphism	unknown	unknown	blocked-vercel-limit
glasslab-codepen-hdshy	glasslab-codepen-hdshy	unknown	unknown	blocked-vercel-limit
glassmorphism-template	glasslab-glassmorphism	unknown	unknown	blocked-vercel-limit
liquid-dom-minimal	glasslab-liquiddom-minimal	unknown	unknown	blocked-vercel-limit
glass-refraction	glasslab-glass-refraction	unknown	unknown	blocked-vercel-limit
7-Aero-Stylesheet	glasslab-7-aero-stylesheet	unknown	unknown	blocked-vercel-limit
archisvaze-liquid-glass	glasslab-archisvaze	unknown	unknown	blocked-vercel-limit
liquid-glass-js	glasslab-liquid-glass-js	unknown	unknown	blocked-vercel-limit
