project_id	license	license_status
glasslab-glassmorphism-main-glassmorphism-main	unknown	unknown
glasslab-glass-refraction-master-1-glass-refraction-master	unknown	unknown
glasslab-glass-refraction-master-1-glass-refraction-master-examples-vanilla	unknown	unknown
glasslab-css-glass-main-css-glass-main	unknown	unknown
glasslab-slider-button-liquid-glass-apple-ios-262025-slider-button-liquid-glass-apple-ios-262025-src	unknown	unknown
glasslab-glass-model-1-glass-model-src	unknown	unknown
glasslab-cross-browser-liquid-toggle-drag-tap-cross-browser-liquid-toggle-drag-tap-src	unknown	unknown
glasslab-liquid-glass-effect-wwdc25-liquid-glass-effect-wwdc25-src	unknown	unknown
glasslab-7-css-main-7-css-main	unknown	unknown
glasslab-liquid-glass-main-liquid-glass-main	unknown	unknown
glasslab-7-aero-stylesheet-main-7-aero-stylesheet-main	unknown	unknown
glasslab-glass-button-css-only-1-glass-button-css-only-src	unknown	unknown
glasslab-pure-css-ios-26-liquid-glass-effect-pure-css-ios-26-liquid-glass-effect-src	unknown	unknown
glasslab-apple-liquid-glass-from-lucasromerodb-liquid-glass-effect-macos-apple-liquid-glass-from-lucasromerodb-liquid-glass-effect-macos-src	unknown	unknown
glasslab-liquid-glass-scroll-drag-configure-chromium-liquid-glass-scroll-drag-configure-chromium-src	unknown	unknown
glasslab-liquidgl-main-liquidgl-main	unknown	unknown
glasslab-frontend-projects-main-frontend-projects-main-tictactoe-vanilla	unknown	unknown
glasslab-frontend-projects-main-frontend-projects-main-css-if-function	unknown	unknown
glasslab-frontend-projects-main-frontend-projects-main-weeklyhow-custom-storefront	unknown	unknown
glasslab-frontend-projects-main-frontend-projects-main-tictactoe	unknown	unknown
glasslab-frontend-projects-main-frontend-projects-main-tictactoe-public	unknown	unknown
glasslab-frontend-projects-main-frontend-projects-main-prime-vue-project	unknown	unknown
glasslab-frontend-projects-main-frontend-projects-main-vuetify-project	unknown	unknown
glasslab-frontend-projects-main-frontend-projects-main-weeklyhow-instantsearch	unknown	unknown
glasslab-frontend-projects-main-frontend-projects-main-task-manager-app	unknown	unknown
glasslab-frontend-projects-main-frontend-projects-main-task-manager-app-client	unknown	unknown
glasslab-frontend-projects-main-frontend-projects-main-task-manager-app-client-public	unknown	unknown
glasslab-frontend-projects-main-frontend-projects-main-liquid-glass-vue	unknown	unknown
glasslab-frontend-projects-main-frontend-projects-main-advanced-javascript-class-word-guess-game-app	unknown	unknown
glasslab-frontend-projects-main-frontend-projects-main-advanced-javascript-class-word-guess-game-app-public	unknown	unknown
glasslab-frontend-projects-main-frontend-projects-main-movie-instantsearch	unknown	unknown
glasslab-liquid-glass-effect-liquid-glass-effect-src	unknown	unknown
glasslab-liquid-glass-menu-liquid-glass-menu-src	unknown	unknown
glasslab-press-starthot-wheels-aerial-pursuit-liquid-glass-navigation-press-starthot-wheels-aerial-pursuit-liquid-glass-navigation-src	unknown	unknown
glasslab-glass-like-css-1-glass-like-css-src	unknown	unknown
glasslab-liquid-glass-cubiq-liquid-glass-cubiq-src	unknown	unknown
glasslab-svg-liquid-glass-1-svg-liquid-glass-src	unknown	unknown
glasslab-liquid-glass-6-liquid-glass-src	unknown	unknown
glasslab-ios-liquid-glass-ios-liquid-glass-src	unknown	unknown
glasslab-apple-liquid-glass-ui-2025-apple-liquid-glass-ui-2025-src	unknown	unknown
glasslab-pure-css-glassmorphism-liquid-glass-ui-kit-1-pure-css-glassmorphism-liquid-glass-ui-kit-src	unknown	unknown
glasslab-select-dropdown-with-appearance-base-select-liquid-glass-1-select-dropdown-with-appearance-base-select-liquid-glass-src	unknown	unknown
glasslab-liquid-dom-master-1-liquid-dom-master	unknown	unknown
glasslab-liquid-dom-master-1-liquid-dom-master-demo-three-react	unknown	unknown
glasslab-liquid-dom-master-1-liquid-dom-master-demo-minimal	unknown	unknown
glasslab-liquid-dom-master-1-liquid-dom-master-demo-three	unknown	unknown
glasslab-liquid-dom-master-1-liquid-dom-master-demo-three-layout	unknown	unknown
glasslab-liquid-dom-master-1-liquid-dom-master-demo-showcase	unknown	unknown
glasslab-liquid-dom-master-1-liquid-dom-master-demo-three-r3f	unknown	unknown
glasslab-liquid-dom-master-1-liquid-dom-master-demo-blending	unknown	unknown
glasslab-liquid-dom-master-1-liquid-dom-master-packages-core	unknown	unknown
glasslab-liquid-dom-master-1-liquid-dom-master-packages-layout	unknown	unknown
glasslab-liquid-dom-master-1-liquid-dom-master-packages-layout-playground	unknown	unknown
glasslab-liquid-dom-master-1-liquid-dom-master-packages-r3f	unknown	unknown
glasslab-liquid-dom-master-1-liquid-dom-master-packages-three	unknown	unknown
glasslab-liquid-dom-master-1-liquid-dom-master-packages-react	unknown	unknown
glasslab-untitled-6-untitled-src	unknown	unknown
glasslab-liquid-glass-js-main-liquid-glass-js-main	unknown	unknown
glasslab-liquid-glass-components-1-liquid-glass-components-src	unknown	unknown
glasslab-liquid-glass-tainwildcss-1-liquid-glass-tainwildcss-src	unknown	unknown
glasslab-liquid-glass-fluid-movement-1-liquid-glass-fluid-movement-src	unknown	unknown
glasslab-liquid-glass-react-master-liquid-glass-react-master	unknown	unknown
glasslab-liquid-glass-react-master-liquid-glass-react-master-liquid-glass-example	unknown	unknown
glasslab-apple-liquid-glass-1-apple-liquid-glass-src	unknown	unknown
glasslab-liquid-glass-shader-liquid-glass-shader-src	unknown	unknown
glasslab-liquid-glass-5-liquid-glass-src	unknown	unknown
glasslab-liquid-glass-2-liquid-glass-src	unknown	unknown
glasslab-liquid-glass-switcher-css-1-liquid-glass-switcher-css-src	unknown	unknown
glasslab-liquid-glass-4-liquid-glass-src	unknown	unknown
glasslab-apple-liquid-glass-experiments-1-apple-liquid-glass-experiments-src	unknown	unknown
glasslab-codepen-hdshy-rnravzr-liquid-glass-for-web	unknown	unknown
glasslab-kube-liquid-glass-css-svg	unknown	unknown
